device_char_link_id;timestamp;value;is_sync;id
48;2023-05-16T04:14:41.114408;15;1;10949
48;2023-05-16T04:14:42.054992;31;1;10950
48;2023-05-16T04:14:43.018456;18;1;10951
48;2023-05-16T04:14:44.105027;62;1;10952
48;2023-05-16T04:14:45.070108;100;1;10953
48;2023-05-16T04:14:46.099343;81;1;10954
48;2023-05-16T04:14:47.074111;100;1;10955
48;2023-05-16T04:14:48.096607;86;1;10956
48;2023-05-16T04:14:49.173742;91;1;10957
48;2023-05-16T04:14:50.148500;52;1;10958
48;2023-05-16T04:14:51.112667;5;1;10960
48;2023-05-16T04:14:52.140772;4;1;10962
48;2023-05-16T04:14:53.141123;53;1;10964
48;2023-05-16T04:14:54.135464;20;1;10966
48;2023-05-16T04:14:55.166484;57;1;10968
48;2023-05-16T04:14:56.278453;70;1;10970
48;2023-05-16T04:14:57.160271;11;1;10972
48;2023-05-16T04:14:58.215785;2;1;10974
48;2023-05-16T04:14:59.206830;75;1;10976
48;2023-05-16T04:15:00.230977;85;1;10978
48;2023-05-16T04:15:01.213029;67;1;10980
48;2023-05-16T04:15:02.230181;4;1;10982
48;2023-05-16T04:15:03.214272;60;1;10984
48;2023-05-16T04:15:04.233966;42;1;10986
48;2023-05-16T04:15:05.261175;93;1;10988
48;2023-05-16T04:15:06.278665;10;1;10990
48;2023-05-16T04:15:07.257619;61;1;10993
48;2023-05-16T04:15:08.283994;44;1;10995
48;2023-05-16T04:15:09.294687;29;1;10999
48;2023-05-16T04:15:10.331048;21;1;11002
48;2023-05-16T04:15:11.305646;30;1;11005
48;2023-05-16T04:15:12.322400;43;1;11008
48;2023-05-16T04:15:13.306441;2;1;11011
48;2023-05-16T04:15:14.331071;83;1;11014
48;2023-05-16T04:15:15.356882;20;1;11017
48;2023-05-16T04:15:16.373250;22;1;11020
48;2023-05-16T04:15:17.351929;1;1;11023
48;2023-05-16T04:15:18.368639;69;1;11026
48;2023-05-16T04:15:19.350940;26;1;11029
48;2023-05-16T04:15:20.377130;94;1;11032
48;2023-05-16T04:15:21.398104;74;1;11035
48;2023-05-16T04:15:22.418096;58;1;11038
48;2023-05-16T04:15:23.387393;45;1;11041
48;2023-05-16T04:15:24.411208;33;1;11044
48;2023-05-16T04:15:25.711495;11;1;11047
48;2023-05-16T04:15:26.460629;82;1;11050
48;2023-05-16T04:15:27.430974;69;1;11052
48;2023-05-16T04:15:28.464030;78;1;11056
48;2023-05-16T04:15:29.432857;49;1;11059
48;2023-05-16T04:15:30.461127;99;1;11061
48;2023-05-16T04:15:31.485568;30;1;11064
48;2023-05-16T04:15:32.506336;64;1;11068
48;2023-05-16T04:15:33.486536;55;1;11071
48;2023-05-16T04:15:34.509829;26;1;11074
48;2023-05-16T04:15:35.495543;99;1;11077
48;2023-05-16T04:15:36.510772;61;1;11080
48;2023-05-16T04:15:37.524329;89;1;11083
48;2023-05-16T04:15:38.566069;87;1;11085
48;2023-05-16T04:15:39.533848;32;1;11089
48;2023-05-16T04:15:40.556143;48;1;11092
48;2023-05-16T04:15:41.589375;75;1;11094
48;2023-05-16T04:15:42.607795;18;1;11098
48;2023-05-16T04:15:43.628675;38;1;11101
48;2023-05-16T04:15:44.595758;47;1;11104
48;2023-05-16T04:15:45.586284;11;1;11106
48;2023-05-16T04:15:46.595163;38;1;11110
48;2023-05-16T04:15:47.640418;56;1;11112
48;2023-05-16T04:15:48.651267;98;1;11116
48;2023-05-16T04:15:49.640756;56;1;11118
48;2023-05-16T04:15:50.648167;74;1;11122
48;2023-05-16T04:15:51.671192;7;1;11125
48;2023-05-16T04:15:52.688772;58;1;11128
48;2023-05-16T04:15:53.676844;49;1;11130
48;2023-05-16T04:15:54.745502;71;1;11134
48;2023-05-16T04:15:55.679492;55;1;11136
48;2023-05-16T04:15:56.743414;93;1;11140
48;2023-05-16T04:15:57.719886;15;1;11143
48;2023-05-16T04:15:58.740582;17;1;11146
48;2023-05-16T04:15:59.719846;75;1;11148
48;2023-05-16T04:16:00.735280;57;1;11152
48;2023-05-16T04:16:01.762823;80;1;11155
48;2023-05-16T04:16:02.729589;21;1;11157
48;2023-05-16T04:16:03.753224;28;1;11160
48;2023-05-16T04:16:04.783635;36;1;11164
48;2023-05-16T04:16:05.750590;60;1;11166
48;2023-05-16T04:16:06.787747;66;1;11169
48;2023-05-16T04:16:07.808060;11;1;11173
48;2023-05-16T04:16:08.829327;36;1;11176
48;2023-05-16T04:16:09.808331;29;1;11179
48;2023-05-16T04:16:10.827868;1;1;11181
48;2023-05-16T04:16:11.807828;63;1;11184
48;2023-05-16T04:16:12.873515;61;1;11188
48;2023-05-16T04:16:13.853625;78;1;11191
48;2023-05-16T04:16:14.891801;99;1;11194
48;2023-05-16T04:16:15.860767;38;1;11197
48;2023-05-16T04:16:16.880911;81;1;11199
48;2023-05-16T04:16:17.906533;77;1;11202
48;2023-05-16T04:16:18.869762;13;1;11205
48;2023-05-16T04:16:19.995879;76;1;11209
48;2023-05-16T04:16:20.924890;21;1;11211
48;2023-05-16T04:16:21.957987;81;1;11215
48;2023-05-16T04:16:22.924299;100;1;11217
48;2023-05-16T04:16:23.993186;13;1;11221
48;2023-05-16T04:16:24.912864;25;1;11223
48;2023-05-16T04:16:25.983073;3;1;11227
48;2023-05-16T04:16:26.982345;4;1;11229
48;2023-05-16T04:16:27.991801;14;1;11233
48;2023-05-16T04:16:28.976997;5;1;11235
48;2023-05-16T04:16:29.995694;39;1;11239
48;2023-05-16T04:16:31.028375;15;1;11242
48;2023-05-16T04:16:31.977013;80;1;11244
48;2023-05-16T04:16:33.026696;67;1;11247
48;2023-05-16T04:16:34.038963;98;1;11250
48;2023-05-16T04:16:35.115375;65;1;11254
48;2023-05-16T04:16:36.042943;71;1;11256
48;2023-05-16T04:16:37.070698;25;1;11260
48;2023-05-16T04:16:38.031315;92;1;11262
48;2023-05-16T04:16:39.056357;71;1;11265
48;2023-05-16T04:16:40.081504;59;1;11268
48;2023-05-16T04:16:41.117105;96;1;11271
48;2023-05-16T04:16:42.140791;63;1;11274
48;2023-05-16T04:16:43.114866;51;1;11277
48;2023-05-16T04:16:44.083474;56;1;11280
48;2023-05-16T04:16:45.093379;5;1;11283
48;2023-05-16T04:16:46.134521;90;1;11286
48;2023-05-16T04:16:47.144424;50;1;11289
48;2023-05-16T04:16:48.134906;5;1;11292
48;2023-05-16T04:16:49.158301;51;1;11295
48;2023-05-16T04:16:50.179804;68;1;11298
48;2023-05-16T04:16:51.204548;53;1;11301
48;2023-05-16T04:16:52.178436;51;1;11304
48;2023-05-16T04:16:53.202487;66;1;11307
48;2023-05-16T04:16:54.183752;83;1;11310
48;2023-05-16T04:16:55.202632;27;1;11313
48;2023-05-16T04:16:56.228789;55;1;11316
48;2023-05-16T04:16:57.251917;89;1;11319
48;2023-05-16T04:16:58.208552;76;1;11322
48;2023-05-16T04:16:59.248140;27;1;11325
48;2023-05-16T04:17:00.274457;63;1;11328
48;2023-05-16T04:17:01.300934;48;1;11331
48;2023-05-16T04:17:02.262269;53;1;11334
48;2023-05-16T04:17:03.289631;48;1;11337
48;2023-05-16T04:17:04.267400;31;1;11340
48;2023-05-16T04:17:05.283324;93;1;11343
48;2023-05-16T04:17:06.317151;81;1;11346
48;2023-05-16T04:17:07.341042;8;1;11349
48;2023-05-16T04:17:08.316838;84;1;11352
48;2023-05-16T04:17:09.473937;2;1;11356
48;2023-05-16T04:17:10.360983;18;1;11358
48;2023-05-16T04:17:11.383545;14;1;11361
48;2023-05-16T04:17:12.358622;29;1;11364
48;2023-05-16T04:17:13.377635;18;1;11367
48;2023-05-16T04:17:14.356905;33;1;11370
48;2023-05-16T04:17:15.384647;23;1;11373
48;2023-05-16T04:17:16.389873;25;1;11376
48;2023-05-16T04:17:17.422855;74;1;11379
48;2023-05-16T04:17:18.408438;55;1;11382
48;2023-05-16T04:17:19.427303;91;1;11385
48;2023-05-16T04:17:20.393963;16;1;11388
48;2023-05-16T04:17:21.570340;68;1;11392
48;2023-05-16T04:17:22.438048;74;1;11394
48;2023-05-16T04:17:23.470532;73;1;11397
48;2023-05-16T04:17:24.443022;88;1;11400
48;2023-05-16T04:17:25.471077;19;1;11403
48;2023-05-16T04:17:26.483852;76;1;11406
48;2023-05-16T04:17:27.519360;9;1;11409
48;2023-05-16T04:17:28.499667;47;1;11412
48;2023-05-16T04:17:29.512587;9;1;11415
48;2023-05-16T04:17:30.494293;35;1;11418
48;2023-05-16T04:17:31.508204;46;1;11421
48;2023-05-16T04:17:32.541362;96;1;11424
48;2023-05-16T04:17:33.563988;83;1;11427
48;2023-05-16T04:17:34.539945;46;1;11430
48;2023-05-16T04:17:35.562752;46;1;11433
48;2023-05-16T04:17:36.587371;64;1;11436
48;2023-05-16T04:17:37.703625;30;1;11440
48;2023-05-16T04:17:38.585370;33;1;11442
48;2023-05-16T04:17:39.608233;62;1;11445
48;2023-05-16T04:17:40.586384;31;1;11448
48;2023-05-16T04:17:41.600018;14;1;11451
48;2023-05-16T04:17:42.629169;36;1;11454
48;2023-05-16T04:17:43.654668;58;1;11457
48;2023-05-16T04:17:44.629661;79;1;11460
48;2023-05-16T04:17:45.654083;9;1;11463
48;2023-05-16T04:17:46.631323;23;1;11466
48;2023-05-16T04:17:47.702564;52;1;11469
48;2023-05-16T04:17:48.676971;80;1;11472
48;2023-05-16T04:17:49.700397;10;1;11475
48;2023-05-16T04:17:50.679569;71;1;11478
48;2023-05-16T04:17:51.699885;73;1;11481
48;2023-05-16T04:17:52.716460;92;1;11484
48;2023-05-16T04:17:53.747593;6;1;11487
48;2023-05-16T04:17:54.710705;68;1;11490
48;2023-05-16T04:17:55.737919;36;1;11493
48;2023-05-16T04:17:56.718319;50;1;11496
48;2023-05-16T04:17:57.835935;96;1;11499
48;2023-05-16T04:17:58.767803;79;1;11502
48;2023-05-16T04:17:59.785367;70;1;11505
48;2023-05-16T04:18:00.766602;35;1;11508
48;2023-05-16T04:18:01.789020;45;1;11511
48;2023-05-16T04:18:02.818975;1;1;11514
48;2023-05-16T04:18:03.837014;34;1;11517
48;2023-05-16T04:18:04.815458;85;1;11520
48;2023-05-16T04:18:05.838995;36;1;11523
48;2023-05-16T04:18:06.822948;68;1;11525
48;2023-05-16T04:18:07.837634;65;1;11528
48;2023-05-16T04:18:08.870557;1;1;11532
48;2023-05-16T04:18:09.873912;83;1;11535
48;2023-05-16T04:18:10.874032;24;1;11538
48;2023-05-16T04:18:11.893810;73;1;11540
48;2023-05-16T04:18:12.904681;98;1;11544
48;2023-05-16T04:18:13.887151;44;1;11546
48;2023-05-16T04:18:14.920090;67;1;11550
48;2023-05-16T04:18:15.941689;31;1;11552
48;2023-05-16T04:18:16.967425;69;1;11555
48;2023-05-16T04:18:17.935835;55;1;11558
48;2023-05-16T04:18:19.011026;10;1;11562
48;2023-05-16T04:18:19.921801;74;1;11564
48;2023-05-16T04:18:20.957079;15;1;11567
48;2023-05-16T04:18:21.981103;10;1;11570
48;2023-05-16T04:18:22.985050;74;1;11573
48;2023-05-16T04:18:23.979826;64;1;11576
48;2023-05-16T04:18:25.004833;82;1;11579
48;2023-05-16T04:18:26.027503;12;1;11582
48;2023-05-16T04:18:27.059104;87;1;11585
48;2023-05-16T04:18:28.022477;67;1;11588
48;2023-05-16T04:18:29.049744;48;1;11591
48;2023-05-16T04:18:30.011072;11;1;11594
48;2023-05-16T04:18:31.038858;36;1;11597
48;2023-05-16T04:18:32.072975;22;1;11600
48;2023-05-16T04:18:33.097931;1;1;11603
48;2023-05-16T04:18:34.072540;68;1;11606
48;2023-05-16T04:18:35.095153;2;1;11609
48;2023-05-16T04:18:36.107575;74;1;11612
48;2023-05-16T04:18:37.144107;74;1;11615
48;2023-05-16T04:18:38.117926;46;1;11618
48;2023-05-16T04:18:39.243106;58;1;11622
48;2023-05-16T04:18:40.110188;52;1;11624
48;2023-05-16T04:18:41.140341;13;1;11627
48;2023-05-16T04:18:42.162329;91;1;11630
48;2023-05-16T04:18:43.186188;99;1;11633
48;2023-05-16T04:18:44.163691;89;1;11636
48;2023-05-16T04:18:45.187115;6;1;11639
48;2023-05-16T04:18:46.210977;42;1;11642
48;2023-05-16T04:18:47.234534;41;1;11645
48;2023-05-16T04:18:48.210087;4;1;11648
48;2023-05-16T04:18:49.219207;79;1;11651
48;2023-05-16T04:18:50.193472;78;1;11654
48;2023-05-16T04:18:51.224960;86;1;11657
48;2023-05-16T04:18:52.246533;29;1;11660
48;2023-05-16T04:18:53.373996;18;1;11664
48;2023-05-16T04:18:54.255556;8;1;11666
48;2023-05-16T04:18:55.278693;4;1;11669
48;2023-05-16T04:18:56.251144;70;1;11672
48;2023-05-16T04:18:57.277197;72;1;11675
48;2023-05-16T04:18:58.298431;40;1;11678
48;2023-05-16T04:18:59.307725;47;1;11681
48;2023-05-16T04:19:00.298909;89;1;11684
48;2023-05-16T04:19:01.322540;97;1;11687
48;2023-05-16T04:19:02.346572;2;1;11690
48;2023-05-16T04:19:03.373119;95;1;11693
48;2023-05-16T04:19:04.328953;43;1;11696
48;2023-05-16T04:19:05.370741;76;1;11699
48;2023-05-16T04:19:06.347014;68;1;11702
48;2023-05-16T04:19:07.371035;28;1;11705
48;2023-05-16T04:19:08.395051;48;1;11708
48;2023-05-16T04:19:09.417248;12;1;11711
48;2023-05-16T04:19:10.391111;68;1;11714
48;2023-05-16T04:19:11.415185;73;1;11717
48;2023-05-16T04:19:12.439102;69;1;11720
48;2023-05-16T04:19:13.464952;9;1;11723
48;2023-05-16T04:19:14.438962;78;1;11726
48;2023-05-16T04:19:15.456883;27;1;11729
48;2023-05-16T04:19:16.436704;11;1;11732
48;2023-05-16T04:19:17.440474;13;1;11735
48;2023-05-16T04:19:18.482838;81;1;11738
48;2023-05-16T04:19:19.504746;79;1;11741
48;2023-05-16T04:19:20.471008;81;1;11744
48;2023-05-16T04:19:21.503048;87;1;11747
48;2023-05-16T04:19:22.473146;43;1;11750
48;2023-05-16T04:19:23.541777;23;1;11753
48;2023-05-16T04:19:24.525818;2;1;11756
48;2023-05-16T04:19:25.550943;32;1;11759
48;2023-05-16T04:19:26.527387;21;1;11762
48;2023-05-16T04:19:27.552970;51;1;11765
48;2023-05-16T04:19:28.557202;17;1;11768
48;2023-05-16T04:19:29.597549;15;1;11771
48;2023-05-16T04:19:30.573049;90;1;11774
48;2023-05-16T04:19:31.742848;79;1;11777
48;2023-05-16T04:19:32.620457;49;1;11780
48;2023-05-16T04:19:33.643620;16;1;11783
48;2023-05-16T04:19:34.619523;33;1;11786
48;2023-05-16T04:19:35.642895;95;1;11789
48;2023-05-16T04:19:36.619331;56;1;11792
48;2023-05-16T04:19:37.643219;88;1;11795
48;2023-05-16T04:19:38.663368;61;1;11798
48;2023-05-16T04:19:39.691369;38;1;11801
48;2023-05-16T04:19:40.662489;39;1;11804
48;2023-05-16T04:19:41.679073;22;1;11807
48;2023-05-16T04:19:42.666336;97;1;11810
48;2023-05-16T04:19:43.669602;23;1;11813
48;2023-05-16T04:19:44.710956;38;1;11816
48;2023-05-16T04:19:45.736597;65;1;11819
48;2023-05-16T04:19:46.711514;15;1;11822
48;2023-05-16T04:19:47.734592;56;1;11825
48;2023-05-16T04:19:48.763259;21;1;11828
48;2023-05-16T04:19:49.725917;61;1;11831
48;2023-05-16T04:19:50.754772;62;1;11834
48;2023-05-16T04:19:51.809151;90;1;11837
48;2023-05-16T04:19:52.800784;21;1;11840
48;2023-05-16T04:19:53.778850;31;1;11843
48;2023-05-16T04:19:54.803979;26;1;11846
48;2023-05-16T04:19:55.772810;24;1;11849
48;2023-05-16T04:19:56.785217;88;1;11852
48;2023-05-16T04:19:57.813904;34;1;11855
48;2023-05-16T04:19:58.838870;85;1;11858
48;2023-05-16T04:19:59.821294;37;1;11861
48;2023-05-16T04:20:00.859634;83;1;11864
48;2023-05-16T04:20:01.824272;51;1;11867
48;2023-05-16T04:20:02.854776;51;1;11870
48;2023-05-16T04:20:03.872407;67;1;11873
48;2023-05-16T04:20:04.890623;4;1;11876
48;2023-05-16T04:20:05.862734;16;1;11879
48;2023-05-16T04:20:06.895095;25;1;11882
48;2023-05-16T04:20:07.910026;100;1;11885
48;2023-05-16T04:20:08.943148;69;1;11888
48;2023-05-16T04:20:09.911244;12;1;11891
48;2023-05-16T04:20:10.949593;13;1;11894
48;2023-05-16T04:20:11.905744;90;1;11897
48;2023-05-16T04:20:12.934293;68;1;11900
48;2023-05-16T04:20:13.960408;94;1;11903
48;2023-05-16T04:20:15.079107;76;1;11906
48;2023-05-16T04:20:15.958343;83;1;11909
48;2023-05-16T04:20:16.976449;63;1;11912
48;2023-05-16T04:20:18.002491;26;1;11915
48;2023-05-16T04:20:19.024536;11;1;11918
48;2023-05-16T04:20:19.993987;82;1;11921
48;2023-05-16T04:20:21.020451;53;1;11924
48;2023-05-16T04:20:22.046517;77;1;11927
48;2023-05-16T04:20:23.014861;72;1;11930
48;2023-05-16T04:20:24.051141;81;1;11933
48;2023-05-16T04:20:25.115028;4;1;11936
48;2023-05-16T04:20:26.048244;88;1;11939
48;2023-05-16T04:20:27.078651;46;1;11942
48;2023-05-16T04:20:28.094155;91;1;11945
48;2023-05-16T04:20:29.121198;54;1;11948
48;2023-05-16T04:20:30.091966;65;1;11951
48;2023-05-16T04:20:31.120393;87;1;11954
48;2023-05-16T04:20:32.097904;44;1;11957
48;2023-05-16T04:20:33.174104;58;1;11960
48;2023-05-16T04:20:34.136490;29;1;11963
48;2023-05-16T04:20:35.111208;10;1;11966
48;2023-05-16T04:20:36.176772;56;1;11969
48;2023-05-16T04:20:37.179119;59;1;11972
48;2023-05-16T04:20:38.193333;73;1;11975
48;2023-05-16T04:20:39.166246;60;1;11978
48;2023-05-16T04:20:40.180338;99;1;11981
48;2023-05-16T04:20:41.209284;70;1;11984
48;2023-05-16T04:20:42.242394;43;1;11987
48;2023-05-16T04:20:43.205749;99;1;11990
48;2023-05-16T04:20:44.336797;96;1;11993
48;2023-05-16T04:20:45.198685;94;1;11996
48;2023-05-16T04:20:46.327783;31;1;11999
48;2023-05-16T04:20:47.246967;88;1;12002
48;2023-05-16T04:20:48.242881;46;1;12005
48;2023-05-16T04:20:49.245562;42;1;12008
48;2023-05-16T04:20:50.271753;30;1;12011
48;2023-05-16T04:20:51.292909;54;1;12014
48;2023-05-16T04:20:52.267664;95;1;12017
48;2023-05-16T04:20:53.340661;53;1;12020
48;2023-05-16T04:20:54.321520;9;1;12023
48;2023-05-16T04:20:55.391296;64;1;12026
48;2023-05-16T04:20:56.320303;6;1;12029
48;2023-05-16T04:20:57.339681;90;1;12032
48;2023-05-16T04:20:58.318629;25;1;12035
48;2023-05-16T04:20:59.349141;30;1;12038
48;2023-05-16T04:21:00.363890;71;1;12041
48;2023-05-16T04:21:01.396738;37;1;12044
48;2023-05-16T04:21:02.367854;96;1;12047
48;2023-05-16T04:21:03.395223;34;1;12050
48;2023-05-16T04:21:04.405059;63;1;12053
48;2023-05-16T04:21:05.438478;75;1;12056
48;2023-05-16T04:21:06.409633;38;1;12059
48;2023-05-16T04:21:07.432701;99;1;12062
48;2023-05-16T04:21:08.409100;7;1;12065
48;2023-05-16T04:21:09.434844;68;1;12068
48;2023-05-16T04:21:10.460014;28;1;12071
48;2023-05-16T04:21:11.488606;20;1;12074
48;2023-05-16T04:21:12.456003;80;1;12077
48;2023-05-16T04:21:13.482094;71;1;12080
48;2023-05-16T04:21:14.514629;36;1;12083
48;2023-05-16T04:21:15.533328;48;1;12086
48;2023-05-16T04:21:16.509609;92;1;12089
48;2023-05-16T04:21:17.528724;88;1;12092
48;2023-05-16T04:21:18.509779;92;1;12095
48;2023-05-16T04:21:19.515591;8;1;12098
48;2023-05-16T04:21:20.556917;29;1;12101
48;2023-05-16T04:21:21.577193;76;1;12104
48;2023-05-16T04:21:22.554923;79;1;12107
48;2023-05-16T04:21:23.572027;13;1;12110
48;2023-05-16T04:21:24.546728;62;1;12113
48;2023-05-16T04:21:25.574122;25;1;12116
48;2023-05-16T04:21:26.596801;3;1;12119
48;2023-05-16T04:21:27.621535;92;1;12122
48;2023-05-16T04:21:28.596404;16;1;12125
48;2023-05-16T04:21:29.624984;41;1;12128
48;2023-05-16T04:21:30.640369;71;1;12131
48;2023-05-16T04:21:31.673675;46;1;12134
48;2023-05-16T04:21:32.631015;73;1;12137
48;2023-05-16T04:21:33.670830;41;1;12140
48;2023-05-16T04:21:34.636286;66;1;12143
48;2023-05-16T04:21:35.659750;78;1;12146
48;2023-05-16T04:21:36.690498;60;1;12149
48;2023-05-16T04:21:37.708212;25;1;12152
48;2023-05-16T04:21:38.694449;20;1;12155
48;2023-05-16T04:21:39.716564;52;1;12158
48;2023-05-16T04:21:40.738445;64;1;12161
48;2023-05-16T04:21:41.714911;56;1;12164
48;2023-05-16T04:21:42.734483;59;1;12167
48;2023-05-16T04:21:43.764695;66;1;12170
48;2023-05-16T04:21:44.731623;41;1;12173
48;2023-05-16T04:21:45.810628;17;1;12176
48;2023-05-16T04:21:46.785076;40;1;12179
48;2023-05-16T04:21:47.793576;82;1;12182
48;2023-05-16T04:21:48.786092;20;1;12185
48;2023-05-16T04:21:49.906734;77;1;12188
48;2023-05-16T04:21:50.783382;97;1;12191
48;2023-05-16T04:21:51.808300;25;1;12194
48;2023-05-16T04:21:52.830781;22;1;12197
48;2023-05-16T04:21:53.854768;79;1;12200
48;2023-05-16T04:21:54.826075;46;1;12203
48;2023-05-16T04:21:55.852915;45;1;12206
48;2023-05-16T04:21:56.878454;75;1;12209
48;2023-05-16T04:21:57.901074;100;1;12212
48;2023-05-16T04:21:58.861662;68;1;12215
48;2023-05-16T04:21:59.890400;40;1;12218
48;2023-05-16T04:22:00.856377;14;1;12221
48;2023-05-16T04:22:01.897130;28;1;12224
48;2023-05-16T04:22:02.922650;51;1;12227
48;2023-05-16T04:22:03.947834;26;1;12230
48;2023-05-16T04:22:04.921522;7;1;12233
48;2023-05-16T04:22:05.944643;9;1;12236
48;2023-05-16T04:22:06.918075;21;1;12239
48;2023-05-16T04:22:07.945033;89;1;12242
48;2023-05-16T04:22:08.967289;92;1;12245
48;2023-05-16T04:22:09.993041;71;1;12248
48;2023-05-16T04:22:10.964319;49;1;12251
48;2023-05-16T04:22:11.988198;11;1;12254
48;2023-05-16T04:22:13.011792;54;1;12257
48;2023-05-16T04:22:14.019014;24;1;12260
48;2023-05-16T04:22:15.010783;74;1;12263
48;2023-05-16T04:22:16.037038;65;1;12266
48;2023-05-16T04:22:17.008661;16;1;12269
48;2023-05-16T04:22:18.030009;54;1;12272
48;2023-05-16T04:22:19.058531;39;1;12275
48;2023-05-16T04:22:20.077834;36;1;12278
48;2023-05-16T04:22:21.061313;8;1;12281
48;2023-05-16T04:22:22.084015;27;1;12284
48;2023-05-16T04:22:23.107332;48;1;12287
48;2023-05-16T04:22:24.128083;63;1;12290
48;2023-05-16T04:22:25.098419;10;1;12293
48;2023-05-16T04:22:26.120242;86;1;12296
48;2023-05-16T04:22:27.090090;5;1;12299
48;2023-05-16T04:22:28.121227;63;1;12302
48;2023-05-16T04:22:29.147872;68;1;12305
48;2023-05-16T04:22:30.170162;64;1;12308
48;2023-05-16T04:22:31.143769;36;1;12311
48;2023-05-16T04:22:32.174058;91;1;12314
48;2023-05-16T04:22:33.194302;65;1;12317
48;2023-05-16T04:22:34.216446;59;1;12320
48;2023-05-16T04:22:35.181253;97;1;12323
48;2023-05-16T04:22:36.215060;90;1;12326
48;2023-05-16T04:22:37.182725;79;1;12329
48;2023-05-16T04:22:38.218344;86;1;12332
48;2023-05-16T04:22:39.229287;11;1;12335
48;2023-05-16T04:22:40.361995;64;1;12338
48;2023-05-16T04:22:41.235529;43;1;12341
48;2023-05-16T04:22:42.259779;23;1;12344
48;2023-05-16T04:22:43.283235;80;1;12347
48;2023-05-16T04:22:44.308007;73;1;12350
48;2023-05-16T04:22:45.278015;98;1;12353
48;2023-05-16T04:22:46.314935;81;1;12356
48;2023-05-16T04:22:47.281947;35;1;12359
48;2023-05-16T04:22:48.307963;65;1;12362
48;2023-05-16T04:22:49.331855;26;1;12365
48;2023-05-16T04:22:50.358554;87;1;12368
48;2023-05-16T04:22:51.329151;46;1;12371
48;2023-05-16T04:22:52.353081;18;1;12374
48;2023-05-16T04:22:53.368854;92;1;12377
48;2023-05-16T04:22:54.391801;92;1;12380
48;2023-05-16T04:22:55.366729;63;1;12383
48;2023-05-16T04:22:56.396515;2;1;12386
48;2023-05-16T04:22:57.371591;33;1;12389
48;2023-05-16T04:22:58.390898;34;1;12392
48;2023-05-16T04:22:59.420361;56;1;12395
48;2023-05-16T04:23:00.442493;12;1;12398
48;2023-05-16T04:23:01.417207;88;1;12401
48;2023-05-16T04:23:02.438590;13;1;12404
48;2023-05-16T04:23:03.418392;29;1;12407
48;2023-05-16T04:23:04.489309;13;1;12410
48;2023-05-16T04:23:05.463644;28;1;12413
48;2023-05-16T04:23:06.491716;31;1;12416
48;2023-05-16T04:23:07.462986;1;1;12419
48;2023-05-16T04:23:08.475560;5;1;12422
48;2023-05-16T04:23:09.509534;3;1;12425
48;2023-05-16T04:23:10.582560;83;1;12428
48;2023-05-16T04:23:11.512409;23;1;12431
48;2023-05-16T04:23:12.532296;68;1;12434
48;2023-05-16T04:23:13.508458;83;1;12437
48;2023-05-16T04:23:14.679283;63;1;12440
48;2023-05-16T04:23:15.557885;67;1;12443
48;2023-05-16T04:23:16.579103;65;1;12446
48;2023-05-16T04:23:17.549973;44;1;12449
48;2023-05-16T04:23:18.574134;79;1;12452
48;2023-05-16T04:23:19.598753;3;1;12455
48;2023-05-16T04:23:20.671770;73;1;12458
48;2023-05-16T04:23:21.590983;94;1;12461
48;2023-05-16T04:23:22.623008;44;1;12464
48;2023-05-16T04:23:23.597282;89;1;12467
48;2023-05-16T04:23:24.624120;20;1;12470
48;2023-05-16T04:23:25.647117;26;1;12473
48;2023-05-16T04:23:26.673371;80;1;12476
48;2023-05-16T04:23:27.646232;3;1;12479
48;2023-05-16T04:23:28.670860;74;1;12482
48;2023-05-16T04:23:29.694651;52;1;12485
48;2023-05-16T04:23:30.670301;90;1;12488
48;2023-05-16T04:23:31.687665;31;1;12491
48;2023-05-16T04:23:32.722564;67;1;12494
48;2023-05-16T04:23:33.687630;3;1;12497
48;2023-05-16T04:23:34.709629;62;1;12500
48;2023-05-16T04:23:35.739370;87;1;12503
48;2023-05-16T04:23:36.763830;79;1;12506
48;2023-05-16T04:23:37.738634;87;1;12509
48;2023-05-16T04:23:38.766152;18;1;12512
48;2023-05-16T04:23:39.736026;58;1;12515
48;2023-05-16T04:23:40.760733;38;1;12518
48;2023-05-16T04:23:41.783860;77;1;12521
48;2023-05-16T04:23:42.852086;73;1;12524
48;2023-05-16T04:23:43.775369;79;1;12527
48;2023-05-16T04:23:44.908017;19;1;12530
48;2023-05-16T04:23:45.821718;20;1;12533
48;2023-05-16T04:23:46.855826;48;1;12536
48;2023-05-16T04:23:47.819986;87;1;12539
48;2023-05-16T04:23:48.853289;48;1;12542
48;2023-05-16T04:23:49.823878;1;1;12545
48;2023-05-16T04:23:50.848612;12;1;12548
48;2023-05-16T04:23:51.866233;40;1;12551
48;2023-05-16T04:23:52.899639;47;1;12554
48;2023-05-16T04:23:53.876957;62;1;12557
48;2023-05-16T04:23:54.947586;77;1;12560
48;2023-05-16T04:23:55.927167;38;1;12563
48;2023-05-16T04:23:56.939240;27;1;12566
48;2023-05-16T04:23:57.918639;49;1;12569
48;2023-05-16T04:23:58.943323;6;1;12572
48;2023-05-16T04:23:59.922528;34;1;12574
48;2023-05-16T04:24:00.933247;52;1;12578
48;2023-05-16T04:24:01.965974;10;1;12581
48;2023-05-16T04:24:02.988811;67;1;12584
48;2023-05-16T04:24:03.981273;48;1;12587
48;2023-05-16T04:24:04.998764;27;1;12590
48;2023-05-16T04:24:05.972956;98;1;12592
48;2023-05-16T04:24:07.006411;16;1;12595
48;2023-05-16T04:24:08.025025;91;1;12599
48;2023-05-16T04:24:09.044304;52;1;12602
48;2023-05-16T04:24:10.010042;32;1;12604
48;2023-05-16T04:24:11.030206;40;1;12607
48;2023-05-16T04:24:12.053204;15;1;12610
48;2023-05-16T04:24:13.035147;20;1;12613
48;2023-05-16T04:24:14.047516;87;1;12616
48;2023-05-16T04:24:15.084149;61;1;12619
48;2023-05-16T04:24:16.119223;86;1;12622
48;2023-05-16T04:24:17.082174;77;1;12625
48;2023-05-16T04:24:18.101936;89;1;12628
48;2023-05-16T04:24:19.083545;90;1;12631
48;2023-05-16T04:24:20.104740;69;1;12634
48;2023-05-16T04:24:21.134703;36;1;12637
48;2023-05-16T04:24:22.152745;99;1;12640
48;2023-05-16T04:24:23.132550;92;1;12643
48;2023-05-16T04:24:24.145953;52;1;12646
48;2023-05-16T04:24:25.178815;45;1;12649
48;2023-05-16T04:24:26.199029;17;1;12652
48;2023-05-16T04:24:27.164019;76;1;12655
48;2023-05-16T04:24:28.198464;19;1;12658
48;2023-05-16T04:24:29.163030;78;1;12661
48;2023-05-16T04:24:30.195201;58;1;12664
48;2023-05-16T04:24:31.219280;54;1;12667
48;2023-05-16T04:24:32.246429;87;1;12670
48;2023-05-16T04:24:33.220980;52;1;12673
48;2023-05-16T04:24:34.245146;98;1;12676
48;2023-05-16T04:24:35.266930;6;1;12679
48;2023-05-16T04:24:36.237631;47;1;12682
48;2023-05-16T04:24:37.256540;23;1;12685
48;2023-05-16T04:24:38.292264;76;1;12688
48;2023-05-16T04:24:39.263744;48;1;12691
48;2023-05-16T04:24:40.283254;30;1;12694
48;2023-05-16T04:24:41.310978;30;1;12697
48;2023-05-16T04:24:42.334186;54;1;12700
48;2023-05-16T04:24:43.308658;21;1;12703
48;2023-05-16T04:24:44.382207;52;1;12706
48;2023-05-16T04:24:45.310417;76;1;12709
48;2023-05-16T04:24:46.333035;68;1;12712
48;2023-05-16T04:24:47.358586;79;1;12715
48;2023-05-16T04:24:48.379164;27;1;12718
48;2023-05-16T04:24:49.360797;81;1;12721
48;2023-05-16T04:24:50.385019;8;1;12724
48;2023-05-16T04:24:51.402525;14;1;12727
48;2023-05-16T04:24:52.431267;46;1;12729
48;2023-05-16T04:24:53.442220;41;1;12733
48;2023-05-16T04:24:54.427129;47;1;12736
48;2023-05-16T04:24:55.398369;62;1;12739
48;2023-05-16T04:24:56.427143;55;1;12742
48;2023-05-16T04:24:57.451045;9;1;12745
48;2023-05-16T04:24:58.572299;11;1;12748
48;2023-05-16T04:24:59.451789;69;1;12751
48;2023-05-16T04:25:00.470902;49;1;12754
48;2023-05-16T04:25:01.436171;86;1;12757
48;2023-05-16T04:25:02.521602;37;1;12760
48;2023-05-16T04:25:03.495681;96;1;12763
48;2023-05-16T04:25:04.565665;20;1;12766
48;2023-05-16T04:25:05.537919;99;1;12769
48;2023-05-16T04:25:06.507405;78;1;12772
48;2023-05-16T04:25:07.535753;7;1;12775
48;2023-05-16T04:25:08.513931;84;1;12778
48;2023-05-16T04:25:09.535587;63;1;12781
48;2023-05-16T04:25:10.561969;66;1;12784
48;2023-05-16T04:25:11.583529;98;1;12787
48;2023-05-16T04:25:12.557288;76;1;12790
48;2023-05-16T04:25:13.586106;71;1;12793
48;2023-05-16T04:25:14.558465;95;1;12796
48;2023-05-16T04:25:15.585696;20;1;12799
48;2023-05-16T04:25:16.605881;70;1;12802
48;2023-05-16T04:25:17.637729;55;1;12805
48;2023-05-16T04:25:18.603563;49;1;12808
48;2023-05-16T04:25:19.627852;64;1;12811
48;2023-05-16T04:25:20.651643;63;1;12814
48;2023-05-16T04:25:21.620744;36;1;12817
48;2023-05-16T04:25:22.642194;45;1;12820
48;2023-05-16T04:25:23.635394;20;1;12823
48;2023-05-16T04:25:24.650406;18;1;12826
48;2023-05-16T04:25:25.682409;96;1;12829
48;2023-05-16T04:25:26.702075;67;1;12832
48;2023-05-16T04:25:27.666293;83;1;12835
48;2023-05-16T04:25:28.696605;33;1;12838
48;2023-05-16T04:25:29.672773;58;1;12841
48;2023-05-16T04:25:30.689658;26;1;12844
48;2023-05-16T04:25:31.742347;38;1;12847
48;2023-05-16T04:25:32.749803;86;1;12850
48;2023-05-16T04:25:33.720770;8;1;12853
48;2023-05-16T04:25:34.731334;92;1;12856
48;2023-05-16T04:25:35.762626;100;1;12859
48;2023-05-16T04:25:36.780850;38;1;12862
48;2023-05-16T04:25:37.766384;1;1;12865
48;2023-05-16T04:25:38.787173;86;1;12868
48;2023-05-16T04:25:39.763851;35;1;12871
48;2023-05-16T04:25:40.786715;63;1;12874
48;2023-05-16T04:25:41.812564;31;1;12877
48;2023-05-16T04:25:42.937516;76;1;12880
48;2023-05-16T04:25:43.813051;6;1;12883
48;2023-05-16T04:25:44.826949;39;1;12886
48;2023-05-16T04:25:45.860725;84;1;12889
48;2023-05-16T04:25:46.880464;47;1;12892
48;2023-05-16T04:25:47.855818;74;1;12895
48;2023-05-16T04:25:48.875113;28;1;12898
48;2023-05-16T04:25:49.853067;6;1;12901
48;2023-05-16T04:25:50.880293;34;1;12904
48;2023-05-16T04:25:51.902532;6;1;12907
48;2023-05-16T04:25:52.927317;11;1;12910
48;2023-05-16T04:25:53.894483;69;1;12913
48;2023-05-16T04:25:54.920725;82;1;12916
48;2023-05-16T04:25:55.896271;72;1;12919
48;2023-05-16T04:25:56.920802;48;1;12922
48;2023-05-16T04:25:57.943380;72;1;12925
48;2023-05-16T04:25:58.973936;13;1;12928
48;2023-05-16T04:25:59.941796;3;1;12931
48;2023-05-16T04:26:00.963186;65;1;12934
48;2023-05-16T04:26:01.952804;77;1;12937
48;2023-05-16T04:26:03.007008;88;1;12940
48;2023-05-16T04:26:03.988864;35;1;12943
48;2023-05-16T04:26:05.018765;72;1;12946
48;2023-05-16T04:26:05.994635;27;1;12949
48;2023-05-16T04:26:07.038979;50;1;12952
48;2023-05-16T04:26:08.039699;85;1;12955
48;2023-05-16T04:26:09.115444;42;1;12958
48;2023-05-16T04:26:10.032251;29;1;12961
48;2023-05-16T04:26:11.056134;56;1;12964
48;2023-05-16T04:26:12.032086;29;1;12967
48;2023-05-16T04:26:13.057696;94;1;12970
48;2023-05-16T04:26:14.078418;3;1;12973
48;2023-05-16T04:26:15.117858;58;1;12976
48;2023-05-16T04:26:16.078285;26;1;12979
48;2023-05-16T04:26:17.108948;1;1;12982
48;2023-05-16T04:26:18.120316;44;1;12985
48;2023-05-16T04:26:19.147667;1;1;12988
48;2023-05-16T04:26:20.128741;99;1;12991
48;2023-05-16T04:26:21.156503;28;1;12994
48;2023-05-16T04:26:22.131618;34;1;12997
48;2023-05-16T04:26:23.150792;32;1;13000
48;2023-05-16T04:26:24.174486;72;1;13003
48;2023-05-16T04:26:25.206269;80;1;13006
48;2023-05-16T04:26:26.183413;46;1;13009
48;2023-05-16T04:26:27.192077;17;1;13012
48;2023-05-16T04:26:28.219964;78;1;13015
48;2023-05-16T04:26:29.196176;77;1;13018
48;2023-05-16T04:26:30.223473;11;1;13021
48;2023-05-16T04:26:31.236476;28;1;13024
48;2023-05-16T04:26:32.224408;74;1;13027
48;2023-05-16T04:26:33.243268;81;1;13030
48;2023-05-16T04:26:34.272441;2;1;13033
48;2023-05-16T04:26:35.294782;56;1;13036
48;2023-05-16T04:26:36.263844;37;1;13039
48;2023-05-16T04:26:37.294795;83;1;13042
48;2023-05-16T04:26:38.273995;93;1;13045
48;2023-05-16T04:26:39.287442;5;1;13048
48;2023-05-16T04:26:40.308442;4;1;13051
48;2023-05-16T04:26:41.340925;100;1;13054
48;2023-05-16T04:26:42.309187;26;1;13057
48;2023-05-16T04:26:43.329659;81;1;13060
48;2023-05-16T04:26:44.347477;4;1;13063
48;2023-05-16T04:26:45.380551;99;1;13066
48;2023-05-16T04:26:46.352871;88;1;13069
48;2023-05-16T04:26:47.381285;93;1;13072
48;2023-05-16T04:26:48.359143;60;1;13075
48;2023-05-16T04:26:49.375452;29;1;13078
48;2023-05-16T04:26:50.409983;68;1;13081
48;2023-05-16T04:26:51.434759;24;1;13084
48;2023-05-16T04:26:52.401649;48;1;13087
48;2023-05-16T04:26:53.432431;44;1;13090
48;2023-05-16T04:26:54.454566;11;1;13093
48;2023-05-16T04:26:55.478226;42;1;13096
48;2023-05-16T04:26:56.453723;16;1;13099
48;2023-05-16T04:26:57.476277;57;1;13102
48;2023-05-16T04:26:58.451155;48;1;13105
48;2023-05-16T04:26:59.466100;96;1;13108
48;2023-05-16T04:27:00.500058;34;1;13111
48;2023-05-16T04:27:01.511921;23;1;13114
48;2023-05-16T04:27:02.491811;70;1;13117
48;2023-05-16T04:27:03.516770;11;1;13120
48;2023-05-16T04:27:04.491408;80;1;13123
48;2023-05-16T04:27:05.505976;48;1;13126
48;2023-05-16T04:27:06.542621;67;1;13129
48;2023-05-16T04:27:07.563587;33;1;13132
48;2023-05-16T04:27:08.537531;55;1;13135
48;2023-05-16T04:27:09.555514;12;1;13138
48;2023-05-16T04:27:10.580670;15;1;13141
48;2023-05-16T04:27:11.604383;59;1;13144
48;2023-05-16T04:27:12.583118;86;1;13147
48;2023-05-16T04:27:13.611754;34;1;13150
48;2023-05-16T04:27:14.590613;65;1;13153
48;2023-05-16T04:27:15.612960;72;1;13156
48;2023-05-16T04:27:16.627412;35;1;13159
48;2023-05-16T04:27:17.658664;4;1;13162
48;2023-05-16T04:27:18.630254;73;1;13165
48;2023-05-16T04:27:19.654945;14;1;13168
48;2023-05-16T04:27:20.679030;61;1;13171
48;2023-05-16T04:27:21.752945;32;1;13174
48;2023-05-16T04:27:22.676919;70;1;13177
48;2023-05-16T04:27:23.702602;2;1;13180
48;2023-05-16T04:27:24.676234;6;1;13183
48;2023-05-16T04:27:25.844618;39;1;13186
48;2023-05-16T04:27:26.724229;22;1;13189
48;2023-05-16T04:27:27.737362;53;1;13192
48;2023-05-16T04:27:28.723531;51;1;13195
48;2023-05-16T04:27:29.745302;29;1;13198
48;2023-05-16T04:27:30.767339;95;1;13201
48;2023-05-16T04:27:31.744698;42;1;13204
48;2023-05-16T04:27:32.769331;75;1;13207
48;2023-05-16T04:27:33.798630;45;1;13210
48;2023-05-16T04:27:34.768049;20;1;13213
48;2023-05-16T04:27:35.793788;56;1;13216
48;2023-05-16T04:27:36.816249;56;1;13219
48;2023-05-16T04:27:37.891969;75;1;13222
48;2023-05-16T04:27:38.805138;27;1;13225
48;2023-05-16T04:27:39.829302;84;1;13228
48;2023-05-16T04:27:40.802976;60;1;13231
48;2023-05-16T04:27:41.837097;68;1;13234
48;2023-05-16T04:27:42.853309;62;1;13237
48;2023-05-16T04:27:43.883447;12;1;13240
48;2023-05-16T04:27:44.856640;52;1;13243
48;2023-05-16T04:27:45.884833;64;1;13246
48;2023-05-16T04:27:46.912044;27;1;13249
48;2023-05-16T04:27:47.929610;24;1;13252
48;2023-05-16T04:27:48.919569;13;1;13255
48;2023-05-16T04:27:49.929643;59;1;13258
48;2023-05-16T04:27:50.950851;33;1;13261
48;2023-05-16T04:27:51.927965;46;1;13264
48;2023-05-16T04:27:52.951892;44;1;13267
48;2023-05-16T04:27:53.979488;70;1;13270
48;2023-05-16T04:27:54.998496;35;1;13273
48;2023-05-16T04:27:55.965754;55;1;13276
48;2023-05-16T04:27:56.998400;30;1;13279
48;2023-05-16T04:27:57.971702;89;1;13282
48;2023-05-16T04:27:59.094972;86;1;13285
48;2023-05-16T04:28:00.023257;30;1;13288
48;2023-05-16T04:28:01.045971;37;1;13291
48;2023-05-16T04:28:02.021574;51;1;13294
48;2023-05-16T04:28:03.041110;69;1;13297
48;2023-05-16T04:28:04.078650;34;1;13300
48;2023-05-16T04:28:05.092267;1;1;13303
48;2023-05-16T04:28:06.054330;56;1;13306
48;2023-05-16T04:28:07.088397;20;1;13309
48;2023-05-16T04:28:08.063380;60;1;13312
48;2023-05-16T04:28:09.140742;43;1;13315
48;2023-05-16T04:28:10.112184;56;1;13318
48;2023-05-16T04:28:11.127943;28;1;13321
48;2023-05-16T04:28:12.110592;27;1;13324
48;2023-05-16T04:28:13.134344;88;1;13327
48;2023-05-16T04:28:14.109936;71;1;13330
48;2023-05-16T04:28:15.133089;71;1;13333
48;2023-05-16T04:28:16.153856;42;1;13336
48;2023-05-16T04:28:17.183520;91;1;13339
48;2023-05-16T04:28:18.158163;68;1;13342
48;2023-05-16T04:28:19.179051;54;1;13345
48;2023-05-16T04:28:20.152430;98;1;13348
48;2023-05-16T04:28:21.176601;91;1;13351
48;2023-05-16T04:28:22.251795;73;1;13354
48;2023-05-16T04:28:23.225827;37;1;13357
48;2023-05-16T04:28:24.191791;20;1;13360
48;2023-05-16T04:28:25.226093;40;1;13363
48;2023-05-16T04:28:26.248986;59;1;13366
48;2023-05-16T04:28:27.272713;74;1;13369
48;2023-05-16T04:28:28.249173;59;1;13372
48;2023-05-16T04:28:29.271679;64;1;13375
48;2023-05-16T04:28:30.242261;86;1;13378
48;2023-05-16T04:28:31.319502;10;1;13381
48;2023-05-16T04:28:32.287199;69;1;13384
48;2023-05-16T04:28:33.307878;86;1;13387
48;2023-05-16T04:28:34.288714;85;1;13390
48;2023-05-16T04:28:35.305266;8;1;13393
48;2023-05-16T04:28:36.291957;6;1;13396
48;2023-05-16T04:28:37.304116;84;1;13398
48;2023-05-16T04:28:38.294768;95;1;13401
48;2023-05-16T04:28:39.315348;91;1;13405
48;2023-05-16T04:28:40.303123;68;1;13406
48;2023-05-16T04:28:41.327222;91;1;13409
48;2023-05-16T04:28:42.326099;63;1;13412
48;2023-05-16T04:28:43.462334;27;1;13417
48;2023-05-16T04:28:44.341220;7;1;13418
48;2023-05-16T04:28:45.370602;83;1;13421
48;2023-05-16T04:28:46.344583;78;1;13425
48;2023-05-16T04:28:47.375510;12;1;13427
48;2023-05-16T04:28:48.386633;27;1;13430
48;2023-05-16T04:28:49.420598;67;1;13433
48;2023-05-16T04:28:50.385796;93;1;13436
48;2023-05-16T04:28:51.411646;70;1;13439
48;2023-05-16T04:28:52.418564;93;1;13442
48;2023-05-16T04:28:53.454209;37;1;13447
48;2023-05-16T04:28:54.437622;13;1;13448
48;2023-05-16T04:28:55.470724;27;1;13451
48;2023-05-16T04:28:56.424264;27;1;13454
48;2023-05-16T04:28:57.445657;38;1;13457
48;2023-05-16T04:28:58.482705;77;1;13461
48;2023-05-16T04:28:59.517726;6;1;13463
48;2023-05-16T04:29:00.483023;43;1;13467
48;2023-05-16T04:29:01.491486;87;1;13469
48;2023-05-16T04:29:02.537568;42;1;13472
48;2023-05-16T04:29:03.562965;60;1;13475
48;2023-05-16T04:29:04.538435;56;1;13478
48;2023-05-16T04:29:05.535598;62;1;13481
48;2023-05-16T04:29:06.524985;3;1;13484
48;2023-05-16T04:29:07.551003;71;1;13488
48;2023-05-16T04:29:08.578083;90;1;13491
48;2023-05-16T04:29:09.607504;100;1;13493
48;2023-05-16T04:29:10.571461;38;1;13496
48;2023-05-16T04:29:11.595120;98;1;13499
48;2023-05-16T04:29:12.571370;78;1;13502
48;2023-05-16T04:29:13.594283;71;1;13505
48;2023-05-16T04:29:14.625282;57;1;13509
48;2023-05-16T04:29:15.632406;92;1;13511
48;2023-05-16T04:29:16.617374;81;1;13514
48;2023-05-16T04:29:17.640130;80;1;13517
48;2023-05-16T04:29:18.655029;95;1;13520
48;2023-05-16T04:29:19.777781;25;1;13524
48;2023-05-16T04:29:20.657433;5;1;13526
48;2023-05-16T04:29:21.674612;45;1;13529
48;2023-05-16T04:29:22.646273;26;1;13532
48;2023-05-16T04:29:23.671356;2;1;13535
48;2023-05-16T04:29:24.693577;85;1;13538
48;2023-05-16T04:29:25.725036;97;1;13542
48;2023-05-16T04:29:26.692281;58;1;13544
48;2023-05-16T04:29:27.766648;81;1;13547
48;2023-05-16T04:29:28.689109;11;1;13550
48;2023-05-16T04:29:29.722889;66;1;13553
48;2023-05-16T04:29:30.742665;50;1;13556
48;2023-05-16T04:29:31.759480;54;1;13559
48;2023-05-16T04:29:32.738832;72;1;13562
48;2023-05-16T04:29:33.757292;45;1;13565
48;2023-05-16T04:29:34.784892;91;1;13568
48;2023-05-16T04:29:35.757764;69;1;13571
48;2023-05-16T04:29:36.788438;77;1;13574
48;2023-05-16T04:29:37.806615;86;1;13577
48;2023-05-16T04:29:38.880729;68;1;13580
48;2023-05-16T04:29:39.806752;62;1;13583
48;2023-05-16T04:29:40.835815;5;1;13586
48;2023-05-16T04:29:41.813068;82;1;13589
48;2023-05-16T04:29:42.828899;44;1;13592
48;2023-05-16T04:29:43.856374;6;1;13595
48;2023-05-16T04:29:44.876712;97;1;13598
48;2023-05-16T04:29:45.902148;54;1;13601
48;2023-05-16T04:29:46.874330;9;1;13604
48;2023-05-16T04:29:47.896619;74;1;13607
48;2023-05-16T04:29:48.923760;61;1;13610
48;2023-05-16T04:29:49.902800;54;1;13613
48;2023-05-16T04:29:50.927326;35;1;13616
48;2023-05-16T04:29:51.897736;55;1;13619
48;2023-05-16T04:29:52.919260;33;1;13622
48;2023-05-16T04:29:53.952;52;1;13625
48;2023-05-16T04:29:54.971032;9;1;13628
48;2023-05-16T04:29:55.956120;27;1;13631
48;2023-05-16T04:29:57.024459;81;1;13635
48;2023-05-16T04:29:57.946775;8;1;13637
48;2023-05-16T04:29:58.975163;16;1;13640
48;2023-05-16T04:29:59.999895;70;1;13643
48;2023-05-16T04:30:01.017624;26;1;13646
48;2023-05-16T04:30:01.994927;67;1;13649
48;2023-05-16T04:30:03.018255;81;1;13652
48;2023-05-16T04:30:03.985828;60;1;13655
48;2023-05-16T04:30:05.015419;23;1;13658
48;2023-05-16T04:30:06.037789;9;1;13661
48;2023-05-16T04:30:07.062038;46;1;13664
48;2023-05-16T04:30:08.034653;9;1;13667
48;2023-05-16T04:30:09.063658;38;1;13670
48;2023-05-16T04:30:10.086560;83;1;13673
48;2023-05-16T04:30:11.110862;34;1;13676
48;2023-05-16T04:30:12.089615;23;1;13679
48;2023-05-16T04:30:13.108331;62;1;13682
48;2023-05-16T04:30:14.083319;21;1;13685
48;2023-05-16T04:30:15.115368;53;1;13688
48;2023-05-16T04:30:16.128257;11;1;13691
48;2023-05-16T04:30:17.764910;3;1;13694
48;2023-05-16T04:30:18.120451;4;1;13697
48;2023-05-16T04:30:19.144088;73;1;13700
48;2023-05-16T04:30:20.119809;52;1;13703
48;2023-05-16T04:30:21.143074;9;1;13706
48;2023-05-16T04:30:22.168472;81;1;13709
48;2023-05-16T04:30:23.191757;87;1;13712
48;2023-05-16T04:30:24.167539;3;1;13714
